id,date,title,evidence,topics,summary,figure,figure_caption,status,meta_response,sources,needs_source,url
beacon,2007-11,Beacon broadcasts what people buy,Settled,Privacy and data,"Beacon told users’ friends what they bought or rented on partner websites, and it was switched on unless people opted out. Zuckerberg apologized a month after launch. Facebook shut Beacon down in 2009 to settle a class action.",$9.5M,"settlement, used to fund an online privacy foundation",,"“We’ve made a lot of mistakes building this feature, but we’ve made even more with how we’ve handled them.”",https://www.nbcnews.com/news/amp/wbna32956166 | https://en.wikipedia.org/wiki/Facebook_Beacon,False,https://metaontherecord.org/record/2007-beacon-broadcasts-what-people-buy/
privacy2009,2009-12,Private settings made public without warning,Settled,Privacy and data,"According to the FTC, Facebook changed its site so that information users may have marked private, such as friend lists, became public, without warning them or asking first. It also let apps reach nearly all of a user’s personal data. Facebook settled in 2011.",20 years,of independent privacy audits; no fine,,,https://www.ftc.gov/news-events/news/press-releases/2011/11/facebook-settles-ftc-charges-it-deceived-consumers-failing-keep-privacy-promises | https://www.npr.org/sections/thetwo-way/2011/11/29/142898301/facebook-settles-with-ftc-on-charges-it-deceived-users-on-privacy,False,https://metaontherecord.org/record/2009-private-settings-made-public-without-warning/
contagion,2012-01,A secret experiment on people’s moods,Admitted,Privacy and data,"For one week in January 2012, Facebook changed how much positive or negative content people saw in their feeds, then measured whether their own posts turned happier or sadder. They were not told. Facebook’s researchers published the results in 2014.","689,003",people in the experiment,,,https://pmc.ncbi.nlm.nih.gov/articles/PMC4066473 | https://www.sciencedaily.com/releases/2014/06/140613142533.htm,False,https://metaontherecord.org/record/2012-a-secret-experiment-on-peoples-moods/
outed,2012-10,Two gay students outed to their families,Reported,LGBTQ+ people; Privacy and data,"Bobbi Duncan and Taylor McCormick at UT-Austin had set their privacy controls so their fathers would not learn they were gay. When the Queer Chorus president added them to the choir’s Facebook group, Facebook announced it to all their friends. Any user could be added to a group without approving it.",,,,“Their unfortunate experience reminds us that we must continue our work to empower and educate users about our robust privacy controls.”,https://www.thepinknews.com/2012/10/16/facebook-accidentally-outed-users-to-their-parents-through-group-permissions-loophole/ | https://www.edgemedianetwork.com/story.php?138056 | https://www.huffpost.com/entry/outed-on-facebook_n_4563522,False,https://metaontherecord.org/record/2012-two-gay-students-outed-to-their-families/
realname,2014-09,Drag performers and trans users locked out,Admitted,LGBTQ+ people,"Facebook suspended drag performers and transgender users who did not use their legal names, after one person reported several hundred of their accounts as fake. Chief product officer Chris Cox apologized on October 1, 2014, and Facebook changed how the policy was enforced.",,,,Cox apologized “for the hardship that we’ve put you through.”,https://www.npr.org/sections/alltechconsidered/2014/10/01/353053455/facebook-apologizes-for-name-policy-that-affected-lgbt-community | https://www.theregister.co.uk/2014/10/01/facebook_apologizes_for_binning_accounts_of_drag_queens/ | https://fortune.com/2014/10/01/facebook-real-name-policy-drag-queens,False,https://metaontherecord.org/record/2014-drag-performers-and-trans-users-locked-out/
myanmar,2017-08,Hate against the Rohingya spreads on Facebook,Admitted,Violence abroad,"As Myanmar’s military drove more than 700,000 Rohingya into Bangladesh, UN investigators said social media, meaning Facebook in Myanmar, played a “determining role” in the hatred. A report Facebook commissioned found it had not done enough. Amnesty International concluded in 2022 that its algorithms substantially contributed.","700,000+",Rohingya forced to flee,A US lawsuit seeking $150 billion was dismissed. The Ninth Circuit affirmed in April 2026.,"“Prior to this year, we weren’t doing enough to help prevent our platform from being used to foment division and incite offline violence.”",https://www.aljazeera.com/news/2018/3/13/un-facebook-had-a-role-in-rohingya-genocide | https://about.fb.com/2018/11/myanmar-hria/ | https://www.amnesty.org/en/latest/news/2022/09/myanmar-facebooks-systems-promoted-violence-against-rohingya-meta-owes-reparations-new-report/,False,https://metaontherecord.org/record/2017-hate-against-the-rohingya-spreads-on-facebook/
ira,2017-10,Russian operation reaches up to 126 million Americans,Admitted,Elections and misinformation,"Facebook told Congress that Russia’s Internet Research Agency published about 80,000 posts between June 2015 and August 2017, mostly on divisive subjects such as race and guns. About 29 million people were served the posts directly; sharing spread them further.",126M,"Americans who may have been served the content, by Facebook’s own estimate",,,https://www.cnbc.com/2017/10/30/facebook-says-russia-backed-election-content-reached-126-million-americans.html | https://www.kshb.com/news/national/facebook-estimates-126-million-people-were-served-content-from-russia-linked-pages,False,https://metaontherecord.org/record/2017-russian-operation-reaches-up-to-126-million-americans/
srilanka,2018-03,Anti-Muslim riots in Sri Lanka,Admitted,Violence abroad,Rumors and hate speech spread on Facebook ahead of riots in which mosques and Muslim-owned businesses burned and at least three people died. Officials said Facebook had only two people reviewing Sinhala content. The assessment Facebook commissioned found posts may have led to offline violence.,2,"Sinhala-language reviewers, according to officials",,"“We recognize, and apologize for, the very real human rights impacts that resulted.”",https://www.aljazeera.com/news/2020/5/13/sri-lanka-facebook-apologises-for-role-in-2018-anti-muslim-riots,False,https://metaontherecord.org/record/2018-anti-muslim-riots-in-sri-lanka/
ca,2018-03,Cambridge Analytica,Settled,Privacy and data; Elections and misinformation,"A researcher’s quiz app harvested data from up to 87 million users, most of them friends of the people who took the quiz, and passed it to a political consulting firm. Facebook learned of it in 2015, asked for the data to be deleted, and considered the matter closed until news reports in 2018.",$5.8B,"FTC $5B, SEC $100M and a $725M class action","The class settlement became final in May 2025. In September 2026, a New Mexico jury found Meta’s promises after the scandal willfully misleading.",Meta settled the class action without admitting wrongdoing.,https://www.cliffordchance.com/briefings/2019/08/ftc_s_5_billion_penaltyagainstfacebook.html | https://news.bloomberglaw.com/esg/meta-agrees-to-pay-725-million-over-cambridge-analytica-scandal,False,https://metaontherecord.org/record/2018-cambridge-analytica/
lynchings,2018-07,Rumors on WhatsApp precede mob killings in India,Reported,Violence abroad,"Rumors about child kidnappers spread on social media, including WhatsApp, ahead of a wave of mob attacks in India. In every case IndiaSpend reviewed, no evidence of kidnapping was found. In July 2018 WhatsApp began labeling forwarded messages and limited forwarding in India to five chats at once.",33,"people killed in 69 attacks, January 2017 to July 2018, by IndiaSpend’s count",,,https://www.boomlive.in/child-lifting-rumours-33-killed-in-69-mob-attacks-since-jan-2017-before-that-only-1-attack-in-2012 | https://www.aljazeera.com/amp/news/2018/7/20/whatsapp-curbs-india-services-after-spate-of-lynchings | https://fortune.com/2018/07/20/whatsapp-forwarding-india-lynchings,False,https://metaontherecord.org/record/2018-rumors-on-whatsapp-precede-mob-killings-in-india/
viewas,2018-09,“View As” breach exposes 29 million accounts,"Ruled, under appeal",Privacy and data,"Attackers chained three bugs in the “View As” feature to steal login tokens. Exposed data included names, contact details, locations, workplaces, religion and posts. In December 2024 Ireland’s regulator fined Meta for failing to build in data protection and for gaps in how it reported the breach.",€251M,"fine, December 2024; about 29 million accounts affected",Meta said it will appeal.,,https://www.theregister.com/2024/12/17/ireland_fines_meta_for_2018/ | https://securityaffairs.com/172100/laws-and-regulations/dpc-fined-meta-e251-million.html | https://bnnbloomberg.ca/business/company-news/2024/12/17/metas-irish-arm-fined-251-million-by-watchdog-over-data-breach,False,https://metaontherecord.org/record/2018-view-as-breach-exposes-29-million-accounts/
atlas,2019-01,Teenagers paid for access to their phones,Reported,Kids and teens; Privacy and data,"Since 2016, Facebook had paid people aged 13 to 35 up to $20 a month in gift cards to install a “Research” app with root access to their phone traffic. Some minors only had to tick a box claiming parental consent. Facebook ended the program on iPhone after TechCrunch reported it.",$20,"a month, in gift cards",,“There was nothing ‘secret’ about this; it was literally called the Facebook Research App.”,https://techcrunch.com/2019/02/28/facebook-research-teens/ | https://www.npr.org/2019/01/30/690172103/facebook-google-draw-scrutiny-over-apps-that-collected-data-from-teens,False,https://metaontherecord.org/record/2019-teenagers-paid-for-access-to-their-phones/
housing,2019-03,Housing ads steered by race and sex,Settled,Discrimination,"The US housing department charged that Facebook’s ad system let advertisers target and exclude people by protected traits and delivered housing ads in discriminatory ways. In a 2022 settlement with the Justice Department, Meta retired a targeting tool and paid the largest penalty the Fair Housing Act allows.","$115,054",the maximum Fair Housing Act penalty,,,https://www.housingwire.com/articles/meta-to-settle-with-doj-over-fair-housing-act-claims/ | https://www.jurist.org/news/2022/06/us-doj-reaches-settlement-with-meta-platforms-over-discriminatory-advertising-claims,False,https://metaontherecord.org/record/2019-housing-ads-steered-by-race-and-sex/
modsus,2020-05,Moderators with PTSD win $52 million,Settled,Workers,"Contract moderators who spent their shifts reviewing rape, murder and suicide footage sued after developing PTSD. The settlement covered moderators in four states and required counseling and tools such as muted audio by default.",$52M,"for 11,250 moderators",,,https://www.kuow.org/stories/in-settlement-facebook-to-pay-52-million-to-content-moderators-with-ptsd,False,https://metaontherecord.org/record/2020-moderators-with-ptsd-win-52-million/
illinois,2021-02,Illinois users win $650 million over face scans,Settled,Privacy and data,Facebook’s “tag suggestions” feature ran facial recognition on users’ photos by default from 2011. Illinois users sued under the state’s biometric privacy law.,$650M,class settlement,,,https://fortune.com/2024/07/30/meta-texas-privacy-lawsuit-settlement-mark-zuckerberg-facebook-facial-recognition,False,https://metaontherecord.org/record/2021-illinois-users-win-650-million-over-face-scans/
scrape,2021-04,533 million users’ phone numbers posted online,"Ruled, under appeal",Privacy and data,"Scrapers abused Facebook’s contact-import tools to collect names, phone numbers, birthdates and locations from users in 106 countries, then posted the set on a hacking forum. Ireland’s regulator found Meta had not built in adequate protection.",€265M,"fine from Ireland’s Data Protection Commission, 2022",Meta challenged the fine in Ireland’s High Court.,,https://www.irishtimes.com/business/2023/03/27/meta-challenges-dpcs-265-million-fine-over-third-party-data-scrape/ | https://www.clickorlando.com/business/2022/11/28/irish-watchdog-fines-meta-265m-euros-in-latest-privacy-case/,False,https://metaontherecord.org/record/2021-533-million-users-phone-numbers-posted-online/
wa225,2021-09,WhatsApp fined over how it explained data sharing,Ruled,Privacy and data,Ireland’s regulator found WhatsApp broke EU rules in how it explained sharing people’s data with other Meta companies.,€225M,fine,,,https://www.deccanherald.com/business/irish-watchdog-fines-meta-265-million-euros-in-latest-privacy-case-1166531.html,False,https://metaontherecord.org/record/2021-whatsapp-fined-over-how-it-explained-data-sharing/
teens,2021-09,Meta’s own research on teen girls leaks,Reported,Kids and teens,"Internal slides said Instagram made body-image issues worse for one in three teen girls who already had them. Among teens who reported suicidal thoughts, 13% of British and 6% of American users traced them to Instagram.",32%,of teen girls who felt bad about their bodies said Instagram made it worse,,"Meta said the reporting mischaracterized research that, in some cases, relied on input from 40 teens.",https://abc7news.com/facebook-knows-instagram-is-toxic-for-teen-girls-mental-health-teenage-body-image-issues/11022272/ | https://gizmodo.com/facebook-papers-how-to-read-1848702919,False,https://metaontherecord.org/record/2021-metas-own-research-on-teen-girls-leaks/
amare,2021-11,A professor is killed after posts target him,Alleged,Violence abroad,"Professor Meareg Amare Abrha was killed in Bahir Dar during Ethiopia’s civil war. His son alleges that Facebook posts doxxed him and called for violence, and that Meta did not respond to reports until after his death.",$1.6B,victims’ fund sought when the case was filed; later filings seek more,Kenya’s High Court ruled in April 2025 that it can hear the case. The claims have not been tried.,,https://cnbc.africa/2025/meta-can-be-sued-in-kenya-over-posts-related-to-ethiopia-violence-court-rules | https://www.amnesty.org/en/latest/news/2024/09/kenya-high-court-to-decide-jurisdiction-of-landmark-meta-case/,False,https://metaontherecord.org/record/2021-a-professor-is-killed-after-posts-target-him/
nebraska,2022-06,Private messages used in an abortion prosecution,Reported,Privacy and data,"Nebraska police served Meta a warrant for Messenger chats between a mother and her 17-year-old daughter, and the messages became evidence. The mother later pleaded guilty. Meta complied with a valid warrant. The chats were readable because Messenger did not encrypt them by default at the time.",,,,Meta said the warrants “did not mention abortion at all.”,https://www.npr.org/2022/08/12/1117092169/nebraska-cops-used-facebook-messages-to-investigate-an-alleged-illegal-abortion | https://www.theregister.com/2023/07/11/mother_abortion_meta/,False,https://metaontherecord.org/record/2022-private-messages-used-in-an-abortion-prosecution/
pixel,2022-06,Tracking code on hospital websites,Reported,Privacy and data,"The Markup found the Meta Pixel on the websites of 33 of Newsweek’s top 100 US hospitals, sending Facebook a packet of data when people booked appointments. Inside the patient portals of seven health systems, it sent details such as medications and conditions. Several hospitals removed it after the report.",33 of 100,top US hospitals with the Pixel on their sites,Class-action lawsuits over the Pixel on health sites are pending.,,https://www.statnews.com/2022/06/16/facebook-meta-pixel-hospitals-data/ | https://themarkup.org/inside-the-markup/2023/02/22/the-markup-honored-by-ahcj-awards-for-excellence-in-health-care-journalism | https://www.beckershospitalreview.com/healthcare-information-technology/some-hospital-websites-are-sending-sensitive-patient-data-to-facebook-report-says/,False,https://metaontherecord.org/record/2022-tracking-code-on-hospital-websites/
ig405,2022-09,Instagram exposed teenagers’ contact details,"Ruled, under appeal",Kids and teens; Privacy and data,Ireland’s regulator fined Instagram over business-account settings that made teenagers’ phone numbers and email addresses public.,€405M,fine,Meta sought judicial review in Ireland.,,https://www.irishtimes.com/business/2023/03/27/meta-challenges-dpcs-265-million-fine-over-third-party-data-scrape/,False,https://metaontherecord.org/record/2022-instagram-exposed-teenagers-contact-details/
basis,2023-01,Fined for forcing users into personalized ads,"Ruled, under appeal",Privacy and data,Ireland’s regulator found Meta relied on the wrong legal basis to process personal data for behavioral advertising on Facebook and Instagram.,€390M,fines for Facebook and Instagram,,,https://www.deccanherald.com/business/meta-fined-390-million-by-eu-over-data-breaches-1177939.html,False,https://metaontherecord.org/record/2023-fined-for-forcing-users-into-personalized-ads/
mena,2023-02,Police use fake profiles to entrap LGBT people,Reported,LGBTQ+ people; Violence abroad,"Human Rights Watch documented security forces in Egypt, Iraq and Jordan creating fake profiles on Grindr and Facebook to trap LGBT people, leading to arrests, abuse and extortion. HRW has pressed Meta on how its platforms respond to this targeting.",20,entrapment cases documented,,,https://www.hrw.org/news/2023/02/21/middle-east-north-africa-digital-targeting-lgbt-people | https://www.hrw.org/news/2024/01/23/questions-and-answers-facebook-instagram-and-digital-targeting-lgbt-people-mena,False,https://metaontherecord.org/record/2023-police-use-fake-profiles-to-entrap-lgbt-people/
transfers,2023-05,Record GDPR fine over data transfers to the US,"Ruled, under appeal",Privacy and data,"Ireland’s regulator ruled that Meta kept moving Europeans’ Facebook data to the US without adequate protection from US surveillance, and ordered the transfers stopped.",€1.2B,the largest GDPR fine when it was issued,,,https://www.stephensonharwood.com/insights/breaking-news-meta-receives-largest-gdpr-fine-to-date/,False,https://metaontherecord.org/record/2023-record-gdpr-fine-over-data-transfers-to-the-us/
kenyamods,2023-06,Nairobi moderators take Meta to court,Alleged,Workers; Violence abroad,"Moderators hired through the contractor Sama reviewed graphic content for Meta. After mass layoffs, 184 of them sued, alleging trauma, unlawful dismissal and retaliation for organizing. A Kenyan court held that Meta was their principal employer, and an appeals court confirmed in 2024 that Meta can be sued in Kenya.",184,moderators in the case,Rulings were postponed in February 2026. The case is unresolved.,,https://www.business-humanrights.org/en/latest-news/kenya-court-postpones-ruling-in-two-cases-against-meta-brought-by-former-content-moderators-delaying-trial-2/ | https://www.computerweekly.com/feature/Kenyan-workers-win-High-Court-appeal-to-take-Meta-to-trial,False,https://metaontherecord.org/record/2023-nairobi-moderators-take-meta-to-court/
canada,2023-08,News blocked in Canada during wildfire evacuations,Admitted,Elections and misinformation,"Meta began blocking news on Facebook and Instagram in Canada on August 1, 2023, in response to the Online News Act. When wildfires forced the evacuation of Yellowknife weeks later, the city told residents it could not share news links on Facebook, and Meta refused requests from officials and broadcasters to lift the block.","20,000",Yellowknife residents ordered to evacuate,,,https://www.adn.com/nation-world/2023/08/18/as-wildfires-spread-canadian-leaders-ask-meta-to-reverse-its-news-ban/ | https://www.aljazeera.com/news/2023/8/29/stupid-and-dangerous-metas-news-ban-fuels-anger-amid-canada-wildfires,False,https://metaontherecord.org/record/2023-news-blocked-in-canada-during-wildfire-evacuations/
bejar,2023-11,A former safety chief testifies about unwanted advances on teens,Reported,Kids and teens,"Arturo Béjar, who led Facebook’s user-safety work and later consulted for Instagram, told the Senate that Meta’s own user surveys found 13% of Instagram users aged 13 to 15 had received unwanted sexual advances in the previous seven days. He said his 2021 warnings to Zuckerberg went unanswered.",13%,"of users aged 13 to 15, in a single week, in Meta’s own survey",,Meta said “countless people inside and outside of Meta” work to keep young people safe online.,https://www.judiciary.senate.gov/download/2023-11-07-testimony-bejar?download=1 | https://www.fortune.com/2023/11/07/facebook-instagram-harmful-effects-children-mark-zuckerberg-email-contractor-congress/,False,https://metaontherecord.org/record/2023-a-former-safety-chief-testifies-about-unwanted-advances-on-teens/
texas,2024-07,Texas wins $1.4 billion over face scans,Settled,Privacy and data,Texas sued under its biometric privacy law over facial recognition that was switched on by default. Texas says it is the largest privacy settlement ever won by a single state.,$1.4B,settlement,,Meta did not admit wrongdoing.,https://fortune.com/2024/07/30/meta-texas-privacy-lawsuit-settlement-mark-zuckerberg-facebook-facial-recognition | https://www.sanjoseinside.com/business/meta-reaches-1-4b-settlement-with-texas-over-privacy-violations/,False,https://metaontherecord.org/record/2024-texas-wins-1-4-billion-over-face-scans/
nigeria,2024-07,Nigeria fines Meta and WhatsApp $220 million,Ruled,Privacy and data; Competition,"After a 38-month investigation, Nigeria’s consumer protection regulator found WhatsApp’s 2021 data policy broke Nigerian consumer and data protection law. A tribunal upheld the fine in April 2025.",$220M,"fine, plus costs",,“We disagree with both this decision and the fine and will appeal.”,https://fccpc.gov.ng/violations-tribunal-upholds-fccpcs-220-million-fine-against-meta-whatsapp/,False,https://metaontherecord.org/record/2024-nigeria-fines-meta-and-whatsapp-220-million/
crowdtangle,2024-08,Meta shuts down the CrowdTangle research tool,Reported,Elections and misinformation,"Meta shut down CrowdTangle, the free tool journalists and researchers used to track how content spread, on August 14, 2024. Dozens of groups had asked it to keep the tool running through the US election, and the European Commission demanded answers under the Digital Services Act. Its replacement is limited to academic and nonprofit researchers.",,,,"Meta said its replacement, the Meta Content Library, was built to meet new regulatory requirements while protecting privacy.",https://lasvegassun.com/news/2024/aug/14/meta-kills-off-misinformation-tracking-tool-crowdt/ | https://cjr.org/tow_center/meta-is-getting-rid-of-crowdtangle.php | https://www.fortune.com/europe/2024/08/16/meta-pulled-its-disinformation-tracker-from-facebook-months-before-america-heads-to-the-polls-and-the-eu-isnt-happy/,False,https://metaontherecord.org/record/2024-meta-shuts-down-the-crowdtangle-research-tool/
marketplace,2024-11,EU fines Meta for tying Marketplace to Facebook,"Ruled, under appeal",Competition,The European Commission found Meta dominant in social networking and ruled it abused that position by tying Facebook Marketplace to Facebook and by imposing unfair terms on rival classified-ad services that advertise on its platforms.,€797.72M,fine,Meta said it will appeal.,,https://techcrunch.com/2024/11/14/meta-slapped-with-a-e798m-fine-in-europe-its-biggest-yet | https://www.scl.org/european-commission-fines-meta-e797-72-million-over-abusive-practices-benefitting-facebook-marketplace/,False,https://metaontherecord.org/record/2024-eu-fines-meta-for-tying-marketplace-to-facebook/
korea,2024-11,Religion and sexuality turned into ad categories,Ruled,LGBTQ+ people; Privacy and data,"South Korea’s privacy regulator found Meta analyzed pages users liked and ads they clicked to build ad categories on religion, political views, same-sex relationships and North Korean defector status for about 980,000 Korean Facebook users, and made them available to about 4,000 advertisers without proper consent.",₩21.6B,about $15.7 million,,,https://therecord.media/facebook-south-korea-privacy-regulator-fine | https://thehackernews.com/2024/11/south-korea-fines-meta-1567m-for.html,False,https://metaontherecord.org/record/2024-religion-and-sexuality-turned-into-ad-categories/
india,2024-11,India penalizes WhatsApp’s take-it-or-leave-it policy,"Ruled, under appeal",Competition; Privacy and data,India’s competition regulator found WhatsApp’s 2021 policy forced users to accept data sharing with Meta. An appeals tribunal upheld the penalty in November 2025.,₹213 crore,about $25 million,Meta has appealed to India’s Supreme Court.,,https://www.business-standard.com/industry/news/nclat-sets-aside-cci-data-sharing-ban-upholds-meta-penalty-2025-125110401578_1.html,False,https://metaontherecord.org/record/2024-india-penalizes-whatsapps-take-it-or-leave-it-policy/
hateful,2025-01,Calling LGBTQ+ people mentally ill is now allowed,Admitted,LGBTQ+ people; Elections and misinformation,"Meta rewrote its hateful conduct rules and ended third-party fact-checking in the US. The new rules allow posts calling LGBTQ+ people mentally ill or abnormal, and dropped the ban on referring to transgender people as “it.”",,,,The policy now allows “allegations of mental illness or abnormality when based on gender or sexual orientation.”,https://www.wlrn.org/government-politics/2025-01-14/meta-permits-calling-lgbtq-mentally-ill | https://eff.org/deeplinks/2025/01/metas-new-content-policy-will-harm-vulnerable-users-if-it-really-valued-free,False,https://metaontherecord.org/record/2025-calling-lgbtq-people-mentally-ill-is-now-allowed/
careless,2025-03,A former executive’s memoir alleges help for China’s censors,Alleged,Elections and misinformation,"In Careless People, former public policy director Sarah Wynn-Williams alleges Meta built censorship tools while courting the Chinese market. An emergency arbitrator, citing her severance agreement’s non-disparagement clause, barred her from promoting the book. The order did not address whether her claims were true.",,,,Meta called the book “false and defamatory.”,https://www.kqed.org/arts/13973446/facebook-book-memoir-careless-people-sales | https://www.nbcnewyork.com/news/business/money-report/meta-goes-to-arbitrator-to-prevent-whistleblower-from-promoting-tell-all-book/6184798/,False,https://metaontherecord.org/record/2025-a-former-executives-memoir-alleges-help-for-chinas-censors/
dma,2025-04,“Pay or consent” breaks Europe’s digital markets law,"Ruled, under appeal",Privacy and data; Competition,The European Commission found that making users either pay for ad-free Facebook and Instagram or consent to tracking did not offer a real option to share less data.,€200M,fine,,,https://digital-strategy.ec.europa.eu/en/news/commission-finds-apple-and-meta-breach-digital-markets-act,False,https://metaontherecord.org/record/2025-pay-or-consent-breaks-europes-digital-markets-law/
localmess,2025-06,Hidden tracking tied private browsing to accounts,Reported,Privacy and data,"Researchers found the Meta Pixel, embedded on millions of websites, passed browsing identifiers to the Facebook and Instagram apps on Android. For people logged into those apps, that linked their web browsing, including in incognito mode, to their accounts. Meta had used the method since September 2024 and stopped when the research was published.",5.8M+,websites carrying the Meta Pixel,,Meta said it decided “to pause the feature while we work with Google to resolve the issue.”,https://networks.imdea.org/research-co-led-by-imdea-networks-discovers-a-privacy-abuse-involving-meta-and-yandex-bridging-persistent-identifiers-to-browsing-histories/ | https://www.theregister.com/2025/06/03/meta_pauses_android_tracking_tech/,False,https://metaontherecord.org/record/2025-hidden-tracking-tied-private-browsing-to-accounts/
flo,2025-08,Jury finds Meta eavesdropped on period-tracker users,Ruled,Privacy and data,"Users of the Flo app entered details about their periods, pregnancies and sexual activity after being promised privacy. A federal jury found Meta intentionally recorded that data through code embedded in the app, violating California’s wiretapping law. The other defendants settled before trial.",,,"Liability found August 1, 2025. Damages have not been set.",“The plaintiffs’ claims against Meta are simply false.”,https://www.darrow.ai/news/jury-finds-meta-liable-for-collecting-private-reproductive-health-data | https://www.dataprivacyandsecurityinsider.com/2025/08/federal-jury-finds-against-meta-for-collecting-data-from-flo-health/,False,https://metaontherecord.org/record/2025-jury-finds-meta-eavesdropped-on-period-tracker-users/
airules,2025-08,AI chatbots allowed romantic talk with children,Admitted,Kids and teens,"Reuters obtained Meta’s internal rules for its AI chatbots, approved by legal, policy and engineering staff including its chief ethicist. They permitted the bots to engage children in romantic or sensual conversations. Meta confirmed the document and removed those sections after Reuters asked about them.",,,,Meta said the examples were “erroneous and inconsistent with our policies.”,https://techcrunch.com/2025/08/14/leaked-meta-ai-rules-show-chatbots-were-allowed-to-have-romantic-chats-with-kids/,False,https://metaontherecord.org/record/2025-ai-chatbots-allowed-romantic-talk-with-children/
vr,2025-09,Former researchers say VR child-safety work was buried,Alleged,Kids and teens,"Former Meta researchers Jason Sattizahn and Cayce Savage told the Senate that children on Meta’s VR platforms faced sexual solicitation and harassment, and that the company had them erase or change research documenting it. Six current and former researchers made similar allegations.",,,,Meta called the allegations a “predetermined and false narrative.”,https://rollcall.com/2025/09/09/whistleblowers-tell-senate-panel-meta-hid-vr-harms/ | https://technology.inquirer.net/143056/former-meta-researchers-testify-company-buried-child-safety-studies/amp,False,https://metaontherecord.org/record/2025-former-researchers-say-vr-child-safety-work-was-buried/
scams,2025-11,Internal documents project $16 billion from scam and banned-goods ads,Reported,Scams,"Reuters reported that Meta projected about 10% of its 2024 revenue would come from ads for scams and banned goods, and that it banned advertisers only when it was 95% certain of fraud. The reporting won a Pulitzer Prize.",~$16B,"projected, 2024",,Meta called the 10% figure an overly inclusive estimate and says it removed 159 million scam ads in 2025.,https://www.lawfaremedia.org/article/reuters-blows-lid-on-meta's-fraud-profit-scandal | https://www.pulitzer.org/winners/jeff-horwitz-and-engen-tham-reuters | https://therecord.media/meta-scam-advertising-crackdown,False,https://metaontherecord.org/record/2025-internal-documents-project-16-billion-from-scam-and-banned-goods/
antitrust,2025-11,The FTC loses its case to break up Meta,Dismissed,Competition,"The FTC argued Meta bought Instagram and WhatsApp to neutralize rivals, citing a 2008 Zuckerberg email saying it is better to buy than compete. The judge ruled the FTC had not shown Meta holds monopoly power today, largely because of competition from TikTok and YouTube.",,,,,https://en.wikipedia.org/wiki/FTC_v._Meta | https://www.sullcrom.com/insights/memo/2025/December/Meta-Prevails-FTC-Monopolization-Case,False,https://metaontherecord.org/record/2025-the-ftc-loses-its-case-to-break-up-meta/
kgm,2026-03,Jury finds Instagram’s design harmed a young user,"Ruled, under appeal",Kids and teens,"A Los Angeles jury found Meta and YouTube negligent in designing platforms that a young woman used compulsively from childhood, contributing to her depression and anxiety. The jury assigned Meta 70% of the responsibility.",$6M,total damages; Meta’s share about $4.2 million,,Meta said teen mental health is complex and cannot be linked to a single app.,https://www.npr.org/2026/03/25/nx-s1-5746125/meta-youtube-social-media-trial-verdict,False,https://metaontherecord.org/record/2026-jury-finds-instagrams-design-harmed-a-young-user/
nm1,2026-03,New Mexico jury: Meta misled families about predators,"Ruled, under appeal",Kids and teens,State investigators posing as children on Facebook and Instagram were shown sexual content and solicited by adults. The jury found Meta violated New Mexico’s consumer protection law and imposed the maximum penalty for each violation.,$375M,civil penalties,,,https://nmdoj.gov/press-release/new-mexico-department-of-justice-wins-landmark-verdict-against-meta/,False,https://metaontherecord.org/record/2026-new-mexico-jury-meta-misled-families-about-predators/
rohingya9,2026-04,Appeals court upholds dismissal of Rohingya lawsuit,Dismissed,Violence abroad,"The Ninth Circuit affirmed the dismissal of the Rohingya refugees’ class action, holding that Section 230 shields Meta from liability for the posts.",,,,,https://cdn.ca9.uscourts.gov/datastore/opinions/2026/04/28/24-1672.pdf,False,https://metaontherecord.org/record/2026-appeals-court-upholds-dismissal-of-rohingya-lawsuit/
glaad,2026-05,Meta’s LGBTQ+ safety scores fall again,Reported,LGBTQ+ people,"GLAAD’s Social Media Safety Index scored Instagram 41, Facebook 40 and Threads 39 out of 100, down from 45, 45 and 40 the year before.",40/100,Facebook’s score,,,https://glaad.org/smsi/2026/meta-platforms/,False,https://metaontherecord.org/record/2026-metas-lgbtq-safety-scores-fall-again/
dsa,2026-07,EU says addictive design breaks the Digital Services Act,Alleged,Kids and teens,"In preliminary findings, the European Commission said Meta did not adequately assess the risks of Instagram’s and Facebook’s addictive design to users’ well-being, including minors’.",,,Preliminary. A final decision could carry fines of up to 6% of global turnover.,“We disagree.”,https://www.cnbc.com/2026/07/10/meta-instagram-facebook-addictive-design-breach-eu-laws.html,False,https://metaontherecord.org/record/2026-eu-says-addictive-design-breaks-the-digital-services-act/
nm2,2026-08,Judge declares Meta a public nuisance,"Ruled, under appeal",Kids and teens,"A New Mexico judge ordered a $567 million fund for treatment, screening and prevention, and changes for minors: like counts hidden by default, notifications paused overnight, and no romantic AI chats.",$942M,total with the jury penalty,,,https://nmdoj.gov/press-release/court-orders-meta-to-pay-942-million-and-overhaul-protections-for-children-on-facebook-and-instagram-in-landmark-new-mexico-ruling/ | https://techcrunch.com/2026/08/07/new-mexico-court-orders-meta-to-pay-additional-567m-in-child-safety-case/,False,https://metaontherecord.org/record/2026-judge-declares-meta-a-public-nuisance/
multistate,2026-08,State attorneys general settle for at least $12.1 billion,Settled,Kids and teens,"State attorneys general who sued in 2023 settled in the middle of trial. Meta agreed to hard daily time limits for teens, an independent auditor and a ban on deceptive safety claims.",$12.1B+,"over ten years, rising to $17.1B if other conditions are met",,Meta denied the allegations and admitted no wrongdoing.,https://oag.dc.gov/release/attorney-general-schwalb-announces-meta-will-pay | https://www.pbs.org/newshour/nation/meta-reaches-17-billion-settlement-with-states-in-landmark-trial-over-teen-social-media-addiction,False,https://metaontherecord.org/record/2026-state-attorneys-general-settle-for-at-least-12-1-billion/
nm3,2026-09,A second jury finds 43.9 million deceptions,Ruled,Privacy and data; Elections and misinformation,"In a case New Mexico filed in 2021 over Cambridge Analytica, a Santa Fe jury found that 26 of 29 public statements by Meta and its executives about user data, misinformation, hate speech and equal enforcement were willfully deceptive. The jury sided with the state on 31 of 34 questions.",43.9M,"violations found; the state counts 43,899,725, the verdict form 43,899,720","Judge Francis Mathew will set the penalty, up to $5,000 per violation.",“We disagree with the verdict and will continue to defend ourselves against efforts to distort our record.”,https://www.engadget.com/2269422/new-mexico-jury-rules-meta-misled-state-residents-about-data-privacy/ | https://sourcenm.com/2026/09/25/new-mexico-jury-finds-facebook-at-fault-over-data-collection-misinformation-and-hate-speech/ | https://nm.news/2026/09/25/its-complicated-jury-finds-meta-misled-new-mexicans-43-9-million-times/,False,https://metaontherecord.org/record/2026-a-second-jury-finds-43-9-million-deceptions/
